,mean_churn_yes,mean_churn_no,t_pvalue,mw_pvalue,cohens_d,n_yes,n_no
tenure,17.979133226324237,37.56996521066873,1.195494547260576e-232,2.419635517951866e-208,-0.8522498343478222,1869.0,5174.0
MonthlyCharges,74.44133226324237,61.26512369540008,8.592449331547067e-73,3.311627651988584e-54,0.44628349696326597,1869.0,5174.0
TotalCharges,1531.7960941680042,2549.911441824507,5.902580609071861e-75,5.685033866207314e-83,-0.45821305166036236,1869.0,5174.0
